university,total_papers,total_cites,avg_cites_per_paper,total_top_papers,best_rank,avg_rank,cluster_id,university_upper
GHENT UNIVERSITY,66331.0,1756662.0,27.018571428571427,1451.0,22,158.28571428571428,3,GHENT UNIVERSITY
PENNSYLVANIA STATE UNIVERSITY,70591.0,1806638.0,27.225,1468.0,42,161.95454545454547,3,PENNSYLVANIA STATE UNIVERSITY
UNIVERSITY OF CALIFORNIA DAVIS,65422.0,1763391.0,29.67409090909091,1381.0,12,168.04545454545453,3,UNIVERSITY OF CALIFORNIA DAVIS
UNIVERSITY OF MASSACHUSETTS SYSTEM,53132.0,1574968.0,31.30545454545455,1383.0,28,183.3181818181818,3,UNIVERSITY OF MASSACHUSETTS SYSTEM
TECHNICAL UNIVERSITY OF MUNICH,61142.0,1661205.0,27.766190476190477,1493.0,86,183.85714285714286,3,TECHNICAL UNIVERSITY OF MUNICH
UNIVERSITY OF ALBERTA,65325.0,1631103.0,23.741,1306.0,77,193.4,3,UNIVERSITY OF ALBERTA
TEXAS A&M UNIVERSITY SYSTEM,70625.0,1501421.0,23.58409090909091,1085.0,31,193.8181818181818,3,TEXAS A&M UNIVERSITY SYSTEM
RUTGERS UNIVERSITY SYSTEM,53943.0,1327736.0,25.963,1103.0,90,197.95,3,RUTGERS UNIVERSITY SYSTEM
LEIBNIZ ASSOCIATION,60417.0,1600158.0,27.63181818181818,1182.0,16,200.72727272727272,3,LEIBNIZ ASSOCIATION
RUTGERS UNIVERSITY NEW BRUNSWICK,51961.0,1299052.0,26.1555,1076.0,96,204.2,3,RUTGERS UNIVERSITY NEW BRUNSWICK
UNIVERSITY OF HONG KONG,54614.0,1548458.0,30.477619047619047,1442.0,57,213.71428571428572,3,UNIVERSITY OF HONG KONG
TEXAS A&M UNIVERSITY COLLEGE STATION,60458.0,1335402.0,24.08681818181818,933.0,48,227.22727272727272,3,TEXAS A&M UNIVERSITY COLLEGE STATION
UTAH SYSTEM OF HIGHER EDUCATION,64708.0,1642920.0,25.737272727272728,1478.0,82,229.13636363636363,3,UTAH SYSTEM OF HIGHER EDUCATION
SAPIENZA UNIVERSITY ROME,70699.0,1634446.0,21.656190476190474,1171.0,40,233.0,3,SAPIENZA UNIVERSITY ROME
UNIVERSITY OF GRONINGEN,58370.0,1841009.0,31.495238095238093,1676.0,38,237.33333333333334,3,UNIVERSITY OF GRONINGEN
AARHUS UNIVERSITY,60537.0,1633964.0,27.813333333333336,1406.0,45,237.8095238095238,3,AARHUS UNIVERSITY
UNIVERSITY OF PADUA,62258.0,1589899.0,23.701428571428572,1250.0,42,238.57142857142858,3,UNIVERSITY OF PADUA
UNIVERSITY OF ZURICH,60330.0,1815188.0,29.651,1666.0,49,243.0,3,UNIVERSITY OF ZURICH
UNIVERSITE DE TOULOUSE,55711.0,1366791.0,22.88095238095238,1091.0,43,245.0952380952381,3,UNIVERSITE DE TOULOUSE
UNIVERSITY OF TEXAS AUSTIN,57398.0,1646879.0,31.470000000000002,1466.0,56,246.22727272727272,3,UNIVERSITY OF TEXAS AUSTIN
UNIVERSITY OF BRISTOL,44769.0,1435711.0,31.17666666666667,1218.0,61,248.76190476190476,3,UNIVERSITY OF BRISTOL
PURDUE UNIVERSITY SYSTEM,56073.0,1266857.0,25.187142857142856,940.0,49,249.9047619047619,3,PURDUE UNIVERSITY SYSTEM
UNIVERSITY OF ILLINOIS URBANA-CHAMPAIGN,55471.0,1487220.0,28.965454545454545,1145.0,57,249.9090909090909,3,UNIVERSITY OF ILLINOIS URBANA-CHAMPAIGN
UNIV LYON COMUE,55765.0,1263902.0,21.953,857.0,83,252.75,3,UNIV LYON COMUE
UNIVERSITY OF BIRMINGHAM,50628.0,1600280.0,31.33,1535.0,100,253.27272727272728,3,UNIVERSITY OF BIRMINGHAM
PURDUE UNIVERSITY,54463.0,1246143.0,25.473333333333336,931.0,52,255.14285714285714,3,PURDUE UNIVERSITY
UNIVERSITY OF WESTERN AUSTRALIA,50717.0,1490552.0,28.520999999999997,1291.0,29,258.25,3,UNIVERSITY OF WESTERN AUSTRALIA
KYOTO UNIVERSITY,68330.0,1518090.0,20.76142857142857,985.0,53,260.8095238095238,3,KYOTO UNIVERSITY
AIX-MARSEILLE UNIVERSITE,53508.0,1412071.0,24.0825,1086.0,55,261.8,3,AIX-MARSEILLE UNIVERSITE
LUND UNIVERSITY,54283.0,1507943.0,28.078095238095237,1175.0,104,265.2857142857143,3,LUND UNIVERSITY
UNIVERSITY OF ADELAIDE,40682.0,1326670.0,30.776842105263157,1239.0,111,266.10526315789474,3,UNIVERSITY OF ADELAIDE
UNIVERSITY OF SOUTHAMPTON,43286.0,1376643.0,33.48571428571429,1203.0,101,266.9047619047619,3,UNIVERSITY OF SOUTHAMPTON
UNIVERSITY OF BOLOGNA,55011.0,1341746.0,21.56809523809524,1113.0,97,267.57142857142856,3,UNIVERSITY OF BOLOGNA
PENNSYLVANIA STATE UNIVERSITY - UNIVERSITY PARK,54827.0,1489296.0,28.569999999999997,1205.0,60,267.72727272727275,3,PENNSYLVANIA STATE UNIVERSITY - UNIVERSITY PARK
UNIVERSITE DE MONTPELLIER,56738.0,1346245.0,22.2,1043.0,32,270.76190476190476,3,UNIVERSITE DE MONTPELLIER
CHINESE UNIVERSITY OF HONG KONG,44741.0,1359887.0,27.791000000000004,1453.0,87,271.25,3,CHINESE UNIVERSITY OF HONG KONG
MICHIGAN STATE UNIVERSITY,49182.0,1193958.0,24.964,929.0,37,272.45,3,MICHIGAN STATE UNIVERSITY
UNIVERSIDADE DE LISBOA,53269.0,1181491.0,22.635238095238094,841.0,105,273.14285714285717,3,UNIVERSIDADE DE LISBOA
UNIVERSITY OF TENNESSEE SYSTEM,47195.0,1221217.0,23.901500000000002,983.0,109,276.3,3,UNIVERSITY OF TENNESSEE SYSTEM
UPPSALA UNIVERSITY,51013.0,1413638.0,27.16181818181818,1077.0,102,276.45454545454544,3,UPPSALA UNIVERSITY
UNIVERSITY OF SOUTHERN CALIFORNIA,54083.0,1533142.0,29.5065,1408.0,35,277.95,3,UNIVERSITY OF SOUTHERN CALIFORNIA
"INSTITUTE OF GEOGRAPHIC SCIENCES & NATURAL RESOURCES RESEARCH, CAS",15214.0,383077.0,24.28333333333333,456.0,47,278.3333333333333,3,"INSTITUTE OF GEOGRAPHIC SCIENCES & NATURAL RESOURCES RESEARCH, CAS"
UNIVERSITY OF HELSINKI,55121.0,1589059.0,27.894545454545458,1323.0,78,279.77272727272725,3,UNIVERSITY OF HELSINKI
UNIVERSITE DE MONTREAL,55074.0,1402953.0,25.097,1082.0,112,280.65,3,UNIVERSITE DE MONTREAL
OREGON HEALTH & SCIENCE UNIVERSITY,26652.0,950252.0,31.599999999999998,883.0,104,281.1111111111111,3,OREGON HEALTH & SCIENCE UNIVERSITY
UNIVERSITY OF NOTTINGHAM,42998.0,1221691.0,29.526999999999997,1078.0,94,282.8,3,UNIVERSITY OF NOTTINGHAM
UNIVERSITY OF TEXAS HEALTH SCIENCE CENTER HOUSTON,23236.0,727399.0,30.436666666666667,553.0,111,284.55555555555554,3,UNIVERSITY OF TEXAS HEALTH SCIENCE CENTER HOUSTON
UNIVERSITE PSL,57233.0,1671990.0,26.75090909090909,1346.0,18,284.6363636363636,3,UNIVERSITE PSL
SHANDONG UNIVERSITY OF SCIENCE & TECHNOLOGY,19921.0,377588.0,18.99285714285714,349.0,29,285.0,3,SHANDONG UNIVERSITY OF SCIENCE & TECHNOLOGY
UNIVERSITY OF NAPLES FEDERICO II,51508.0,1191528.0,21.897,860.0,48,290.1,3,UNIVERSITY OF NAPLES FEDERICO II
ERASMUS MC,39521.0,1417906.0,39.158181818181816,1360.0,54,291.0,3,ERASMUS MC
BOSTON CHILDREN'S HOSPITAL,29023.0,1053891.0,47.08454545454545,884.0,52,291.6363636363636,3,BOSTON CHILDREN'S HOSPITAL
AUTONOMOUS UNIVERSITY OF BARCELONA,50067.0,1233537.0,24.717272727272725,1142.0,124,292.04545454545456,3,AUTONOMOUS UNIVERSITY OF BARCELONA
JOHNS HOPKINS MEDICINE,28560.0,1037524.0,40.017,1049.0,78,293.0,3,JOHNS HOPKINS MEDICINE
TECHNICAL UNIVERSITY OF DENMARK,35948.0,1123686.0,36.804,787.0,65,293.25,3,TECHNICAL UNIVERSITY OF DENMARK
UNIVERSITY OF LIVERPOOL,41373.0,1190383.0,27.20052631578947,1054.0,140,300.3157894736842,3,UNIVERSITY OF LIVERPOOL
JOHNS HOPKINS BLOOMBERG SCHOOL OF PUBLIC HEALTH,28375.0,926489.0,37.51416666666667,693.0,39,300.75,3,JOHNS HOPKINS BLOOMBERG SCHOOL OF PUBLIC HEALTH
UK RESEARCH & INNOVATION (UKRI),39023.0,1294536.0,32.82722222222222,1102.0,19,303.8888888888889,3,UK RESEARCH & INNOVATION (UKRI)
UNIVERSITY OF CALIFORNIA IRVINE,43551.0,1315400.0,31.16409090909091,1247.0,93,305.0,3,UNIVERSITY OF CALIFORNIA IRVINE
UNIVERSITY OF COLORADO BOULDER,40313.0,1319285.0,33.510000000000005,1186.0,16,305.89473684210526,3,UNIVERSITY OF COLORADO BOULDER
UNIVERSITY OF NEBRASKA SYSTEM,36928.0,896017.0,28.591,672.0,74,310.2,3,UNIVERSITY OF NEBRASKA SYSTEM
NATIONAL TAIWAN UNIVERSITY,53690.0,1198591.0,19.69157894736842,819.0,142,310.94736842105266,3,NATIONAL TAIWAN UNIVERSITY
UNIVERSITY OF ARIZONA,48859.0,1324122.0,27.645238095238092,1267.0,27,312.6666666666667,3,UNIVERSITY OF ARIZONA
UNIVERSITY OF CALGARY,47397.0,1268481.0,25.47684210526316,1101.0,79,313.3157894736842,3,UNIVERSITY OF CALGARY
UNIVERSITY OF OSLO,55040.0,1566516.0,26.199047619047615,1381.0,79,313.5238095238095,3,UNIVERSITY OF OSLO
UNIVERSITY OF CALIFORNIA LOS ANGELES MEDICAL CENTER,30719.0,1141027.0,36.787,1100.0,82,314.8,3,UNIVERSITY OF CALIFORNIA LOS ANGELES MEDICAL CENTER
JILIN UNIVERSITY,83060.0,1569863.0,16.232105263157894,1138.0,18,315.2105263157895,3,JILIN UNIVERSITY
UNIVERSITY OF MARYLAND COLLEGE PARK,47638.0,1523716.0,30.051904761904762,1475.0,27,315.3333333333333,3,UNIVERSITY OF MARYLAND COLLEGE PARK
PRINCETON UNIVERSITY,37556.0,1397972.0,40.79600000000001,1486.0,18,318.95,3,PRINCETON UNIVERSITY
INRAE,61232.0,1514323.0,23.663333333333334,1232.0,5,320.72222222222223,3,INRAE
KING SAUD UNIVERSITY,73497.0,1210581.0,16.63736842105263,1088.0,40,321.7894736842105,3,KING SAUD UNIVERSITY
UNIVERSITY OF GLASGOW,39705.0,1343877.0,29.652105263157893,1375.0,82,322.36842105263156,3,UNIVERSITY OF GLASGOW
UNIVERSITY OF SHEFFIELD,38717.0,1124993.0,29.20578947368421,944.0,96,322.5263157894737,3,UNIVERSITY OF SHEFFIELD
ICAHN SCHOOL OF MEDICINE AT MOUNT SINAI,43353.0,1654968.0,41.895,1856.0,38,323.6666666666667,3,ICAHN SCHOOL OF MEDICINE AT MOUNT SINAI
WEILL CORNELL MEDICINE,35097.0,1380810.0,42.03363636363636,1528.0,56,327.45454545454544,3,WEILL CORNELL MEDICINE
LEIDEN UNIVERSITY,52191.0,1652466.0,33.59368421052631,1525.0,23,329.57894736842104,3,LEIDEN UNIVERSITY
KING ABDULAZIZ UNIVERSITY,47559.0,1404024.0,31.0995,1262.0,6,331.45,3,KING ABDULAZIZ UNIVERSITY
UNIVERSITY OF MISSOURI SYSTEM,44389.0,945538.0,21.189,749.0,91,332.8,3,UNIVERSITY OF MISSOURI SYSTEM
COPENHAGEN UNIVERSITY HOSPITAL,28387.0,916733.0,29.97555555555555,877.0,96,332.8888888888889,3,COPENHAGEN UNIVERSITY HOSPITAL
UNIVERSITY OF BONN,37373.0,1058444.0,30.158095238095235,920.0,82,333.04761904761904,3,UNIVERSITY OF BONN
UNIVERSIDADE DO PORTO,44172.0,1044919.0,22.391052631578948,712.0,54,336.36842105263156,3,UNIVERSIDADE DO PORTO
NATIONAL INSTITUTE FOR MATERIALS SCIENCE,16142.0,512953.0,32.464999999999996,522.0,64,337.25,3,NATIONAL INSTITUTE FOR MATERIALS SCIENCE
LEIDEN UNIVERSITY MEDICAL CENTER (LUMC),29796.0,967986.0,39.10272727272727,882.0,119,339.0,3,LEIDEN UNIVERSITY MEDICAL CENTER (LUMC)
ACADEMIC MEDICAL CENTER AMSTERDAM,16325.0,822410.0,46.534444444444446,582.0,105,340.0,3,ACADEMIC MEDICAL CENTER AMSTERDAM
NEWCASTLE UNIVERSITY - UK,33628.0,1042519.0,30.778421052631575,927.0,142,340.36842105263156,3,NEWCASTLE UNIVERSITY - UK
LEIDEN UNIVERSITY - EXCL LUMC,48731.0,1568686.0,34.00052631578947,1423.0,24,341.8421052631579,3,LEIDEN UNIVERSITY - EXCL LUMC
UNIVERSITY OF MILAN,58723.0,1492224.0,22.847,1301.0,50,342.15,3,UNIVERSITY OF MILAN
DAVID GEFFEN SCHOOL OF MEDICINE AT UCLA,25880.0,971929.0,37.062,922.0,89,343.5,3,DAVID GEFFEN SCHOOL OF MEDICINE AT UCLA
UNIVERSITY OF ALABAMA SYSTEM,53539.0,1498763.0,24.231052631578947,1275.0,74,345.4736842105263,3,UNIVERSITY OF ALABAMA SYSTEM
UNIVERSITY OF LEEDS,41548.0,1134055.0,26.75578947368421,1080.0,52,348.05263157894734,3,UNIVERSITY OF LEEDS
CARDIFF UNIVERSITY,32548.0,1029747.0,32.838421052631574,835.0,128,349.2631578947368,3,CARDIFF UNIVERSITY
AUSTRALIAN NATIONAL UNIVERSITY,38729.0,1157345.0,30.78952380952381,1013.0,65,349.5238095238095,3,AUSTRALIAN NATIONAL UNIVERSITY
HOWARD HUGHES MEDICAL INSTITUTE,20394.0,1685474.0,75.36818181818181,1584.0,5,349.72727272727275,3,HOWARD HUGHES MEDICAL INSTITUTE
UNIVERSITY OF AUCKLAND,36115.0,959758.0,26.24157894736842,823.0,113,350.5263157894737,3,UNIVERSITY OF AUCKLAND
XIAMEN UNIVERSITY,52440.0,1168540.0,20.011578947368424,1076.0,43,353.8421052631579,3,XIAMEN UNIVERSITY
VRIJE UNIVERSITEIT AMSTERDAM,55216.0,1744467.0,32.129000000000005,1630.0,22,354.2,3,VRIJE UNIVERSITEIT AMSTERDAM
COUNCIL OF SCIENTIFIC & INDUSTRIAL RESEARCH (CSIR) - INDIA,57695.0,1166982.0,21.58,533.0,25,355.3333333333333,3,COUNCIL OF SCIENTIFIC & INDUSTRIAL RESEARCH (CSIR) - INDIA
MONTEFIORE MEDICAL CENTER,18633.0,652580.0,32.30888888888889,574.0,193,359.3333333333333,3,MONTEFIORE MEDICAL CENTER
CALIFORNIA STATE UNIVERSITY SYSTEM,49183.0,1011744.0,23.32238095238095,732.0,43,360.6666666666667,3,CALIFORNIA STATE UNIVERSITY SYSTEM
FEINBERG SCHOOL OF MEDICINE,31717.0,987054.0,30.917,1004.0,108,363.7,3,FEINBERG SCHOOL OF MEDICINE
RADBOUD UNIVERSITY NIJMEGEN,50263.0,1569372.0,33.805,1360.0,61,364.6,3,RADBOUD UNIVERSITY NIJMEGEN
COMMUNAUTE UNIVERSITE GRENOBLE ALPES,49675.0,1249161.0,23.8865,890.0,49,366.75,3,COMMUNAUTE UNIVERSITE GRENOBLE ALPES
CHINA UNIVERSITY OF PETROLEUM,44724.0,798338.0,17.34,591.0,35,367.8888888888889,3,CHINA UNIVERSITY OF PETROLEUM
BAYLOR COLLEGE OF MEDICINE,42628.0,1379714.0,28.667272727272724,1208.0,48,368.09090909090907,3,BAYLOR COLLEGE OF MEDICINE
UNIVERSITE TOULOUSE III - PAUL SABATIER,42182.0,1106363.0,23.931,863.0,64,368.6,3,UNIVERSITE TOULOUSE III - PAUL SABATIER
UNIVERSITY OF UTAH,51270.0,1372398.0,26.59,1262.0,114,369.04545454545456,3,UNIVERSITY OF UTAH
UNIVERSITE GRENOBLE ALPES (UGA),49252.0,1238043.0,23.847,881.0,51,370.8,3,UNIVERSITE GRENOBLE ALPES (UGA)
TEL AVIV UNIVERSITY,56154.0,1388253.0,24.931818181818183,1236.0,102,370.8181818181818,3,TEL AVIV UNIVERSITY
UNIVERSITE CLAUDE BERNARD LYON 1,42248.0,1050795.0,22.9595,766.0,132,374.6,3,UNIVERSITE CLAUDE BERNARD LYON 1
UNIVERSITY OF GENEVA,41617.0,1303872.0,30.64944444444445,1155.0,41,374.6111111111111,3,UNIVERSITY OF GENEVA
ALBERT EINSTEIN COLLEGE OF MEDICINE,17380.0,612981.0,32.44444444444444,522.0,197,375.44444444444446,3,ALBERT EINSTEIN COLLEGE OF MEDICINE
ZHENGZHOU UNIVERSITY,73489.0,1527748.0,16.753684210526316,1634.0,28,376.5263157894737,3,ZHENGZHOU UNIVERSITY
ASTRAZENECA,12585.0,507795.0,41.03857142857142,527.0,30,377.42857142857144,3,ASTRAZENECA
POLISH ACADEMY OF SCIENCES,57858.0,1066888.0,18.2755,635.0,54,378.3,3,POLISH ACADEMY OF SCIENCES
DEAKIN UNIVERSITY,31754.0,759898.0,24.285333333333334,658.0,93,379.8,3,DEAKIN UNIVERSITY
UNIVERSITY MEDICAL CENTER HAMBURG-EPPENDORF,25517.0,670159.0,26.126666666666665,666.0,176,380.1111111111111,3,UNIVERSITY MEDICAL CENTER HAMBURG-EPPENDORF
UTRECHT UNIVERSITY MEDICAL CENTER,30944.0,1085646.0,41.410000000000004,983.0,92,380.9166666666667,3,UTRECHT UNIVERSITY MEDICAL CENTER
ISLAMIC AZAD UNIVERSITY,71793.0,1257528.0,15.80105263157895,734.0,28,380.94736842105266,3,ISLAMIC AZAD UNIVERSITY
TONGJI UNIVERSITY,82543.0,1649865.0,18.182,1316.0,16,380.95,3,TONGJI UNIVERSITY
INDIANA UNIVERSITY SYSTEM,53062.0,1370842.0,27.995238095238093,1197.0,29,381.0,3,INDIANA UNIVERSITY SYSTEM
KOREA UNIVERSITY,52876.0,1141602.0,19.28684210526316,856.0,93,381.36842105263156,3,KOREA UNIVERSITY
UNIVERSITE DE BORDEAUX,37354.0,993575.0,23.901,805.0,157,381.85,3,UNIVERSITE DE BORDEAUX
UNIVERSITY OF VIRGINIA,39359.0,1130766.0,28.384285714285717,982.0,119,391.14285714285717,3,UNIVERSITY OF VIRGINIA
BOSTON UNIVERSITY,46765.0,1434285.0,30.891,1285.0,56,392.55,3,BOSTON UNIVERSITY
TECHNISCHE UNIVERSITAT DRESDEN,39594.0,1055485.0,27.493157894736843,889.0,128,394.42105263157896,3,TECHNISCHE UNIVERSITAT DRESDEN
UNIVERSITY OF FREIBURG,35088.0,950485.0,27.49833333333333,839.0,138,398.44444444444446,3,UNIVERSITY OF FREIBURG
UNIVERSIDAD NACIONAL AUTONOMA DE MEXICO,55500.0,843563.0,14.926842105263159,485.0,81,398.5263157894737,3,UNIVERSIDAD NACIONAL AUTONOMA DE MEXICO
KAROLINSKA UNIVERSITY HOSPITAL,22624.0,759915.0,31.62888888888889,740.0,81,398.8888888888889,3,KAROLINSKA UNIVERSITY HOSPITAL
UNIVERSITY OF FLORENCE,41071.0,921953.0,20.857499999999998,702.0,137,399.6,3,UNIVERSITY OF FLORENCE
YONSEI UNIVERSITY,61858.0,1328419.0,19.539473684210527,1070.0,114,402.2105263157895,3,YONSEI UNIVERSITY
UNIVERSITY OF OTTAWA,45290.0,1269926.0,24.200526315789475,1091.0,76,402.63157894736844,3,UNIVERSITY OF OTTAWA
ARIZONA STATE UNIVERSITY-TEMPE,33541.0,856168.0,27.159444444444446,649.0,51,402.77777777777777,3,ARIZONA STATE UNIVERSITY-TEMPE
EMORY UNIVERSITY,56886.0,1822846.0,28.601176470588236,1720.0,42,403.0,3,EMORY UNIVERSITY
ARIZONA STATE UNIVERSITY,40904.0,991417.0,25.852272727272727,767.0,37,403.1818181818182,3,ARIZONA STATE UNIVERSITY
UNIVERSITY OF HAMBURG,48008.0,1225308.0,25.288095238095234,1118.0,82,403.85714285714283,3,UNIVERSITY OF HAMBURG
HONG KONG POLYTECHNIC UNIVERSITY,51414.0,1276862.0,23.82588235294118,1413.0,19,403.94117647058823,3,HONG KONG POLYTECHNIC UNIVERSITY
UNIVERSITY OF TURIN,42309.0,1056816.0,22.56142857142857,911.0,131,404.1904761904762,3,UNIVERSITY OF TURIN
CIBER - CENTRO DE INVESTIGACION BIOMEDICA EN RED,55264.0,1721115.0,25.432666666666666,1710.0,32,404.26666666666665,3,CIBER - CENTRO DE INVESTIGACION BIOMEDICA EN RED
CONSEJO NACIONAL DE INVESTIGACIONES CIENTIFICAS Y TECNICAS (CONICET),62621.0,912529.0,14.651052631578947,460.0,23,405.0,3,CONSEJO NACIONAL DE INVESTIGACIONES CIENTIFICAS Y TECNICAS (CONICET)
UNIVERSITY OF GOTTINGEN,33597.0,1013830.0,28.245238095238093,815.0,88,408.8095238095238,3,UNIVERSITY OF GOTTINGEN
MCMASTER UNIVERSITY,45347.0,1427033.0,29.2395,1281.0,44,408.9,3,MCMASTER UNIVERSITY
WESTERN UNIVERSITY (UNIVERSITY OF WESTERN ONTARIO),37170.0,901537.0,24.253333333333334,786.0,150,409.3888888888889,3,WESTERN UNIVERSITY (UNIVERSITY OF WESTERN ONTARIO)
PENNSYLVANIA MEDICINE,23689.0,679641.0,30.11,594.0,149,409.8888888888889,3,PENNSYLVANIA MEDICINE
DANA-FARBER CANCER INSTITUTE,22594.0,1459072.0,57.876999999999995,1872.0,33,410.2,3,DANA-FARBER CANCER INSTITUTE
LOUISIANA STATE UNIVERSITY SYSTEM,30192.0,742853.0,25.144736842105264,593.0,223,413.36842105263156,3,LOUISIANA STATE UNIVERSITY SYSTEM
CLEVELAND CLINIC FOUNDATION,35778.0,1175260.0,30.223333333333333,1299.0,51,414.0,3,CLEVELAND CLINIC FOUNDATION
UNIVERSITY OF WATERLOO,34537.0,848466.0,24.802777777777777,737.0,80,414.22222222222223,3,UNIVERSITY OF WATERLOO
UNIVERSITY OF VALENCIA,33201.0,858970.0,24.88888888888889,685.0,87,416.55555555555554,3,UNIVERSITY OF VALENCIA
UNIVERSITY OF PISA,36655.0,869207.0,22.09052631578947,642.0,78,417.7368421052632,3,UNIVERSITY OF PISA
QUEEN MARY UNIVERSITY LONDON,33133.0,1090254.0,29.96277777777778,1122.0,100,419.27777777777777,3,QUEEN MARY UNIVERSITY LONDON
UNIVERSITY OF BERN,47235.0,1365927.0,27.797619047619047,1338.0,96,419.5238095238095,3,UNIVERSITY OF BERN
SOUTHEAST UNIVERSITY - CHINA,79367.0,1474010.0,17.76529411764706,1216.0,5,419.52941176470586,3,SOUTHEAST UNIVERSITY - CHINA
BROWN UNIVERSITY,37529.0,1058918.0,28.38157894736842,874.0,76,419.94736842105266,3,BROWN UNIVERSITY
FRED HUTCHINSON CANCER CENTER,13367.0,704132.0,47.16555555555556,790.0,106,420.3333333333333,3,FRED HUTCHINSON CANCER CENTER
LAVAL UNIVERSITY,30169.0,735787.0,23.129444444444445,581.0,254,421.27777777777777,3,LAVAL UNIVERSITY
UNIVERSITY OF WARWICK,34595.0,969084.0,28.3025,847.0,45,421.4,3,UNIVERSITY OF WARWICK
UNIVERSITY OF ANTWERP,28261.0,800705.0,32.53842105263158,631.0,96,422.6842105263158,3,UNIVERSITY OF ANTWERP
CHINA UNIVERSITY OF MINING & TECHNOLOGY,43991.0,712728.0,16.951,490.0,33,422.8,3,CHINA UNIVERSITY OF MINING & TECHNOLOGY
GRIFFITH UNIVERSITY,28944.0,744242.0,28.68111111111111,579.0,88,424.3333333333333,3,GRIFFITH UNIVERSITY
ROCHE HOLDING,12790.0,584220.0,44.19,643.0,55,425.8888888888889,3,ROCHE HOLDING
UNIV LILLE NORD FRANCE COMUE,41837.0,935146.0,20.2485,721.0,192,427.7,3,UNIV LILLE NORD FRANCE COMUE
UNIVERSITY OF CONNECTICUT,30964.0,693124.0,23.5195,533.0,121,430.4,3,UNIVERSITY OF CONNECTICUT
VANDERBILT UNIVERSITY,53511.0,1710461.0,28.831666666666667,1686.0,55,430.72222222222223,3,VANDERBILT UNIVERSITY
WAGENINGEN UNIVERSITY & RESEARCH,35096.0,1165632.0,34.27,1084.0,8,431.29411764705884,3,WAGENINGEN UNIVERSITY & RESEARCH
SHENZHEN UNIVERSITY,50660.0,1142608.0,19.1265,1136.0,37,431.3,3,SHENZHEN UNIVERSITY
UNIVERSITY OF SCIENCE & TECHNOLOGY BEIJING,42721.0,859010.0,17.81625,606.0,20,432.125,3,UNIVERSITY OF SCIENCE & TECHNOLOGY BEIJING
DONGHUA UNIVERSITY,18968.0,461054.0,20.994285714285716,362.0,67,434.42857142857144,3,DONGHUA UNIVERSITY
UNIVERSITY OF COLORADO ANSCHUTZ MEDICAL CAMPUS,39623.0,1229164.0,25.920909090909092,1257.0,65,436.09090909090907,3,UNIVERSITY OF COLORADO ANSCHUTZ MEDICAL CAMPUS
CURTIN UNIVERSITY,30203.0,841949.0,27.408333333333335,717.0,116,436.5,3,CURTIN UNIVERSITY
JINAN UNIVERSITY,40054.0,789829.0,19.291052631578946,629.0,83,437.2631578947368,3,JINAN UNIVERSITY
UNIVERSITY COLLEGE DUBLIN,29043.0,735194.0,25.925789473684212,669.0,46,438.5263157894737,3,UNIVERSITY COLLEGE DUBLIN
SACKLER FACULTY OF MEDICINE,23765.0,582671.0,26.736666666666665,513.0,184,440.6666666666667,3,SACKLER FACULTY OF MEDICINE
VIRGINIA POLYTECHNIC INSTITUTE & STATE UNIVERSITY,32740.0,723380.0,23.29,531.0,92,440.85,3,VIRGINIA POLYTECHNIC INSTITUTE & STATE UNIVERSITY
SUNGKYUNKWAN UNIVERSITY (SKKU),52511.0,1156098.0,18.94473684210526,907.0,62,442.94736842105266,3,SUNGKYUNKWAN UNIVERSITY (SKKU)
CHARLES UNIVERSITY PRAGUE,43470.0,896338.0,18.07894736842105,780.0,194,443.8421052631579,3,CHARLES UNIVERSITY PRAGUE
MEDICAL UNIVERSITY OF SOUTH CAROLINA,17807.0,501848.0,28.2475,418.0,205,444.25,3,MEDICAL UNIVERSITY OF SOUTH CAROLINA
INDIANA UNIVERSITY BLOOMINGTON,42453.0,1115445.0,28.664285714285718,949.0,34,444.6666666666667,3,INDIANA UNIVERSITY BLOOMINGTON
SOOCHOW UNIVERSITY - CHINA,58793.0,1348005.0,21.096842105263157,1123.0,22,446.7368421052632,3,SOOCHOW UNIVERSITY - CHINA
UNIVERSITY OF TENNESSEE KNOXVILLE,30936.0,782411.0,22.39,574.0,112,447.1764705882353,3,UNIVERSITY OF TENNESSEE KNOXVILLE
ERASMUS UNIVERSITY ROTTERDAM,50685.0,1642634.0,32.50875,1579.0,23,447.4375,3,ERASMUS UNIVERSITY ROTTERDAM
LANZHOU UNIVERSITY,42403.0,779339.0,17.22,601.0,84,449.0,3,LANZHOU UNIVERSITY
ARGONNE NATIONAL LABORATORY,20636.0,801715.0,51.060909090909085,763.0,51,449.27272727272725,3,ARGONNE NATIONAL LABORATORY
GEORGIA INSTITUTE OF TECHNOLOGY,38461.0,1264692.0,29.57315789473684,1014.0,26,450.57894736842104,3,GEORGIA INSTITUTE OF TECHNOLOGY
UNITED STATES DEPARTMENT OF AGRICULTURE (USDA),57700.0,1268109.0,25.947499999999998,867.0,3,450.8125,3,UNITED STATES DEPARTMENT OF AGRICULTURE (USDA)
NIH NATIONAL CANCER INSTITUTE (NCI),24782.0,1115854.0,37.74769230769231,1035.0,56,450.9230769230769,3,NIH NATIONAL CANCER INSTITUTE (NCI)
UNIVERSITY OF TEXAS SOUTHWESTERN MEDICAL CENTER,32808.0,1169389.0,38.619166666666665,1172.0,57,451.5833333333333,3,UNIVERSITY OF TEXAS SOUTHWESTERN MEDICAL CENTER
GERMAN CANCER RESEARCH CENTER (DKFZ),20798.0,933227.0,43.053,863.0,71,452.0,3,GERMAN CANCER RESEARCH CENTER (DKFZ)
UNIVERSITY OF NEWCASTLE,23551.0,671157.0,30.59176470588235,555.0,79,452.52941176470586,3,UNIVERSITY OF NEWCASTLE
COMPLUTENSE UNIVERSITY OF MADRID,38357.0,731676.0,19.2895,575.0,211,453.05,3,COMPLUTENSE UNIVERSITY OF MADRID
NORTH CAROLINA STATE UNIVERSITY,37750.0,865471.0,23.5135,612.0,58,455.1,3,NORTH CAROLINA STATE UNIVERSITY
RWTH AACHEN UNIVERSITY,41248.0,977130.0,24.066,721.0,124,455.95,3,RWTH AACHEN UNIVERSITY
UNIVERSITY OF ERLANGEN NUREMBERG,38078.0,958261.0,23.8905,737.0,178,456.1,3,UNIVERSITY OF ERLANGEN NUREMBERG
CHILDRENS HOSPITAL OF PHILADELPHIA,21541.0,609996.0,29.756666666666668,527.0,175,456.44444444444446,3,CHILDRENS HOSPITAL OF PHILADELPHIA
QUEENSLAND UNIVERSITY OF TECHNOLOGY (QUT),27643.0,761729.0,26.285555555555554,619.0,117,456.77777777777777,3,QUEENSLAND UNIVERSITY OF TECHNOLOGY (QUT)
EBERHARD KARLS UNIVERSITY OF TUBINGEN,37521.0,1007302.0,26.921666666666667,854.0,70,459.77777777777777,3,EBERHARD KARLS UNIVERSITY OF TUBINGEN
UNIVERSITY OF TECHNOLOGY SYDNEY,30868.0,830970.0,27.976666666666667,806.0,25,460.27777777777777,3,UNIVERSITY OF TECHNOLOGY SYDNEY
NORWEGIAN UNIVERSITY OF SCIENCE & TECHNOLOGY (NTNU),37296.0,823136.0,23.02578947368421,608.0,84,460.5263157894737,3,NORWEGIAN UNIVERSITY OF SCIENCE & TECHNOLOGY (NTNU)
UTMD ANDERSON CANCER CENTER,38523.0,1712890.0,34.519999999999996,1957.0,29,460.7,3,UTMD ANDERSON CANCER CENTER
UNIVERSITY OF BASEL,35166.0,1084092.0,29.85166666666667,915.0,91,463.27777777777777,3,UNIVERSITY OF BASEL
FLOREY INSTITUTE OF NEUROSCIENCE & MENTAL HEALTH,16708.0,592061.0,38.09222222222222,554.0,81,463.55555555555554,3,FLOREY INSTITUTE OF NEUROSCIENCE & MENTAL HEALTH
CENTERS FOR DISEASE CONTROL & PREVENTION - USA,27144.0,857637.0,28.13272727272727,878.0,16,464.09090909090907,3,CENTERS FOR DISEASE CONTROL & PREVENTION - USA
CNRS - NATIONAL INSTITUTE FOR BIOLOGY (INSB),38035.0,1194846.0,29.767333333333333,604.0,24,464.8,3,CNRS - NATIONAL INSTITUTE FOR BIOLOGY (INSB)
UNIVERSIDADE ESTADUAL DE CAMPINAS,38185.0,677087.0,17.550555555555558,330.0,26,468.6111111111111,3,UNIVERSIDADE ESTADUAL DE CAMPINAS
UNIVERSITE DE LILLE,37687.0,880009.0,20.758947368421055,690.0,223,469.3157894736842,3,UNIVERSITE DE LILLE
UNIVERSITY OF EXETER,29974.0,918685.0,29.466315789473686,1010.0,42,471.36842105263156,3,UNIVERSITY OF EXETER
RIKEN,27620.0,782396.0,28.866,626.0,61,471.8,3,RIKEN
HANNOVER MEDICAL SCHOOL,18821.0,527988.0,24.994444444444444,512.0,177,477.8888888888889,3,HANNOVER MEDICAL SCHOOL
LOS ALAMOS NATIONAL LABORATORY,17851.0,538792.0,44.0725,405.0,126,478.1666666666667,3,LOS ALAMOS NATIONAL LABORATORY
UNIVERSITE CATHOLIQUE LOUVAIN,22684.0,695307.0,28.98894736842105,668.0,297,478.8421052631579,3,UNIVERSITE CATHOLIQUE LOUVAIN
"INSTITUTE OF PHYSICS, CAS",12808.0,446117.0,40.37,517.0,91,479.0,3,"INSTITUTE OF PHYSICS, CAS"
UNIVERSITY OF GRANADA,32027.0,597669.0,19.52388888888889,406.0,85,479.3333333333333,3,UNIVERSITY OF GRANADA
TOHOKU UNIVERSITY,50006.0,907942.0,17.948888888888888,497.0,116,481.5,3,TOHOKU UNIVERSITY
UNIVERSITY OF MASSACHUSETTS AMHERST,24162.0,746809.0,30.334736842105265,719.0,34,482.3157894736842,3,UNIVERSITY OF MASSACHUSETTS AMHERST
RIGSHOSPITALET,22078.0,672829.0,28.560000000000002,649.0,156,482.77777777777777,3,RIGSHOSPITALET
UNIVERSITY OF LAUSANNE,30760.0,932315.0,28.629375,908.0,120,483.125,3,UNIVERSITY OF LAUSANNE
DALHOUSIE UNIVERSITY,23685.0,653462.0,26.884375,505.0,189,484.625,3,DALHOUSIE UNIVERSITY
CINCINNATI CHILDREN'S HOSPITAL MEDICAL CENTER,19592.0,543371.0,27.184444444444445,406.0,169,484.77777777777777,3,CINCINNATI CHILDREN'S HOSPITAL MEDICAL CENTER
HARVARD T.H. CHAN SCHOOL OF PUBLIC HEALTH,32610.0,1385149.0,43.205625,1360.0,25,485.625,3,HARVARD T.H. CHAN SCHOOL OF PUBLIC HEALTH
WASHINGTON STATE UNIVERSITY,23204.0,614163.0,27.83277777777778,479.0,76,486.05555555555554,3,WASHINGTON STATE UNIVERSITY
PRES EUROPEAN UNIV BRETAGNE,29311.0,693025.0,22.2685,555.0,246,486.5,3,PRES EUROPEAN UNIV BRETAGNE
NATIONAL UNIVERSITY OF DEFENSE TECHNOLOGY - CHINA,24537.0,312670.0,12.958333333333334,272.0,60,486.5,3,NATIONAL UNIVERSITY OF DEFENSE TECHNOLOGY - CHINA
CZECH ACADEMY OF SCIENCES,46502.0,886738.0,18.412941176470586,547.0,46,486.7647058823529,3,CZECH ACADEMY OF SCIENCES
UNIVERSITY OF GEORGIA,33214.0,682212.0,25.460526315789473,453.0,40,487.4736842105263,3,UNIVERSITY OF GEORGIA
CHINESE ACADEMY OF MEDICAL SCIENCES - PEKING UNION MEDICAL COLLEGE,66114.0,1288329.0,19.40125,1154.0,12,488.125,3,CHINESE ACADEMY OF MEDICAL SCIENCES - PEKING UNION MEDICAL COLLEGE
STONY BROOK UNIVERSITY,25251.0,702958.0,27.31888888888889,581.0,150,489.27777777777777,3,STONY BROOK UNIVERSITY
CASE WESTERN RESERVE UNIVERSITY,35696.0,1132684.0,29.42875,1054.0,117,489.4375,3,CASE WESTERN RESERVE UNIVERSITY
UNIVERSITY OF KENTUCKY,29154.0,664997.0,23.181578947368422,463.0,217,490.36842105263156,3,UNIVERSITY OF KENTUCKY
HOSPITAL CLINIC DE BARCELONA,22219.0,809477.0,30.176,944.0,128,491.6,3,HOSPITAL CLINIC DE BARCELONA
LAWRENCE BERKELEY NATIONAL LABORATORY,31025.0,1485567.0,51.37823529411765,1525.0,26,491.6470588235294,3,LAWRENCE BERKELEY NATIONAL LABORATORY
UNIVERSITY OF ILLINOIS CHICAGO,37008.0,888594.0,24.0195,624.0,140,492.05,3,UNIVERSITY OF ILLINOIS CHICAGO
UNIVERSITY OF GOTHENBURG,36602.0,1086470.0,28.191176470588236,989.0,73,492.29411764705884,3,UNIVERSITY OF GOTHENBURG
HOHAI UNIVERSITY,28951.0,448467.0,15.368,361.0,89,494.9,3,HOHAI UNIVERSITY
AUTONOMOUS UNIVERSITY OF MADRID,28431.0,767382.0,23.820526315789476,601.0,106,495.7894736842105,3,AUTONOMOUS UNIVERSITY OF MADRID
MACQUARIE UNIVERSITY,26833.0,651128.0,26.656111111111112,561.0,91,496.1111111111111,3,MACQUARIE UNIVERSITY
UNIVERSITY OF SOUTH FLORIDA,28178.0,667131.0,23.16,566.0,175,497.1578947368421,3,UNIVERSITY OF SOUTH FLORIDA
UNITED STATES DEPARTMENT OF DEFENSE,38004.0,792355.0,21.786666666666665,473.0,124,497.5,3,UNITED STATES DEPARTMENT OF DEFENSE
CEA,49515.0,1361431.0,29.258499999999998,1008.0,15,498.3,3,CEA
GOETHE UNIVERSITY FRANKFURT,30374.0,778979.0,24.76125,692.0,222,498.5625,3,GOETHE UNIVERSITY FRANKFURT
HOKKAIDO UNIVERSITY,37425.0,666571.0,18.723333333333333,380.0,158,499.3333333333333,3,HOKKAIDO UNIVERSITY
HEBREW UNIVERSITY OF JERUSALEM,33139.0,767965.0,22.439444444444444,604.0,188,499.5,3,HEBREW UNIVERSITY OF JERUSALEM
QINGDAO UNIVERSITY,35180.0,704463.0,19.403125,886.0,121,501.75,3,QINGDAO UNIVERSITY
UNIVERSITY OF ILLINOIS CHICAGO HOSPITAL,36031.0,861299.0,24.083,610.0,141,502.55,3,UNIVERSITY OF ILLINOIS CHICAGO HOSPITAL
UNIVERSITY OF BELGRADE,36634.0,652060.0,17.695882352941176,487.0,132,503.7647058823529,3,UNIVERSITY OF BELGRADE
COMMONWEALTH SCIENTIFIC & INDUSTRIAL RESEARCH ORGANISATION (CSIRO),31094.0,1019110.0,32.15941176470589,878.0,18,504.11764705882354,3,COMMONWEALTH SCIENTIFIC & INDUSTRIAL RESEARCH ORGANISATION (CSIRO)
JIANGSU UNIVERSITY,43765.0,880050.0,17.913125,902.0,20,504.6875,3,JIANGSU UNIVERSITY
IDIBAPS,13275.0,524948.0,34.65125,639.0,167,505.375,3,IDIBAPS
ECOLE POLYTECHNIQUE FEDERALE DE LAUSANNE,33205.0,1133074.0,34.010555555555555,976.0,60,505.8888888888889,3,ECOLE POLYTECHNIQUE FEDERALE DE LAUSANNE
UNIVERSITY OF MUNSTER,30860.0,836439.0,26.045263157894738,731.0,150,506.05263157894734,3,UNIVERSITY OF MUNSTER
WORLD HEALTH ORGANIZATION,18784.0,975151.0,47.51,833.0,41,507.45454545454544,3,WORLD HEALTH ORGANIZATION
NORTHEASTERN UNIVERSITY,18684.0,601156.0,34.24411764705882,507.0,125,507.5882352941176,3,NORTHEASTERN UNIVERSITY
UNIVERSITY OF TEHRAN,35014.0,693034.0,18.9,445.0,51,507.6923076923077,3,UNIVERSITY OF TEHRAN
BETH ISRAEL DEACONESS MEDICAL CENTER,25491.0,941440.0,49.387499999999996,983.0,94,508.0833333333333,3,BETH ISRAEL DEACONESS MEDICAL CENTER
NANJING FORESTRY UNIVERSITY,24136.0,448391.0,16.878999999999998,501.0,131,508.5,3,NANJING FORESTRY UNIVERSITY
UNIVERSITY OF BASQUE COUNTRY,28070.0,597004.0,21.07588235294118,378.0,152,509.3529411764706,3,UNIVERSITY OF BASQUE COUNTRY
UNIVERSITY HEALTH NETWORK TORONTO,31500.0,1095921.0,37.199090909090906,1215.0,80,509.8181818181818,3,UNIVERSITY HEALTH NETWORK TORONTO
UNIVERSITE DE LORRAINE,28854.0,659015.0,23.423684210526318,486.0,276,510.4736842105263,3,UNIVERSITE DE LORRAINE
SLAC NATIONAL ACCELERATOR LABORATORY,9941.0,557242.0,66.6542857142857,602.0,70,510.7142857142857,3,SLAC NATIONAL ACCELERATOR LABORATORY
WUHAN UNIVERSITY OF TECHNOLOGY,32725.0,818817.0,21.621111111111112,729.0,31,510.77777777777777,3,WUHAN UNIVERSITY OF TECHNOLOGY
UNIVERSITY OF CINCINNATI,34240.0,886800.0,26.532777777777778,769.0,153,512.2777777777778,3,UNIVERSITY OF CINCINNATI
OAK RIDGE NATIONAL LABORATORY,24794.0,793040.0,30.846666666666668,616.0,63,512.4166666666666,3,OAK RIDGE NATIONAL LABORATORY
UNIVERSITY OF IOWA,36525.0,908222.0,24.72,694.0,164,512.7368421052631,3,UNIVERSITY OF IOWA
IRCCS OSPEDALE SAN RAFFAELE,16920.0,500876.0,30.58285714285714,593.0,206,513.1428571428571,3,IRCCS OSPEDALE SAN RAFFAELE
OREGON STATE UNIVERSITY,22968.0,584864.0,27.172,461.0,61,514.1333333333333,3,OREGON STATE UNIVERSITY
UNIVERSITY OF VIENNA,30658.0,736236.0,25.450952380952383,585.0,72,515.4761904761905,3,UNIVERSITY OF VIENNA
CAIRO UNIVERSITY,32769.0,622745.0,17.86,447.0,58,516.0588235294117,3,CAIRO UNIVERSITY
STOCKHOLM UNIVERSITY,30356.0,969960.0,31.324210526315788,811.0,54,518.0,3,STOCKHOLM UNIVERSITY
KING ABDULLAH UNIVERSITY OF SCIENCE & TECHNOLOGY,19930.0,741138.0,41.69642857142857,763.0,79,519.2857142857143,3,KING ABDULLAH UNIVERSITY OF SCIENCE & TECHNOLOGY
KYUNG HEE UNIVERSITY,32068.0,666036.0,20.160588235294117,510.0,134,520.0,3,KYUNG HEE UNIVERSITY
CHARITE UNIVERSITATSMEDIZIN BERLIN,44142.0,1427822.0,28.787692307692307,1499.0,45,520.1538461538462,3,CHARITE UNIVERSITATSMEDIZIN BERLIN
CARNEGIE MELLON UNIVERSITY,20596.0,620927.0,31.955625,558.0,94,520.8125,3,CARNEGIE MELLON UNIVERSITY
TIANJIN UNIVERSITY,75184.0,1669242.0,17.913333333333334,1403.0,15,521.4,3,TIANJIN UNIVERSITY
UNIVERSITE DE RENNES,28056.0,660122.0,22.083000000000002,535.0,269,522.0,3,UNIVERSITE DE RENNES
LOMONOSOV MOSCOW STATE UNIVERSITY,49258.0,705581.0,15.592,365.0,50,522.9333333333333,3,LOMONOSOV MOSCOW STATE UNIVERSITY
NANKAI UNIVERSITY,45403.0,1158392.0,20.387894736842107,1227.0,17,523.6842105263158,3,NANKAI UNIVERSITY
UNIVERSITY OF KIEL,25615.0,686374.0,24.720588235294116,587.0,237,524.4117647058823,3,UNIVERSITY OF KIEL
UNIVERSITY OF ELECTRONIC SCIENCE & TECHNOLOGY OF CHINA,55446.0,1075997.0,19.973125,1332.0,4,524.4375,3,UNIVERSITY OF ELECTRONIC SCIENCE & TECHNOLOGY OF CHINA
TEHRAN UNIVERSITY OF MEDICAL SCIENCES,35302.0,718476.0,19.387999999999998,437.0,22,524.8,3,TEHRAN UNIVERSITY OF MEDICAL SCIENCES
UNIVERSITY OF MANITOBA,25033.0,611157.0,22.373529411764707,503.0,173,525.0588235294117,3,UNIVERSITY OF MANITOBA
BEIJING NORMAL UNIVERSITY,42821.0,853080.0,18.588125,866.0,23,525.5625,3,BEIJING NORMAL UNIVERSITY
TRINITY COLLEGE DUBLIN,24236.0,705385.0,30.28473684210526,642.0,183,527.421052631579,3,TRINITY COLLEGE DUBLIN
UNICANCER,29377.0,1243045.0,33.025555555555556,1411.0,56,528.3333333333334,3,UNICANCER
UNIVERSITY OF SEVILLA,28663.0,500391.0,18.326842105263157,338.0,198,529.0,3,UNIVERSITY OF SEVILLA
NATIONAL & KAPODISTRIAN UNIVERSITY OF ATHENS,34291.0,881608.0,22.69,928.0,132,530.5882352941177,3,NATIONAL & KAPODISTRIAN UNIVERSITY OF ATHENS
UNIVERSITY OF KANSAS,27210.0,636562.0,23.26705882352941,528.0,208,531.4117647058823,3,UNIVERSITY OF KANSAS
UNIV BOURGOGNE FRANCHE-COMTE COMUE,27535.0,675108.0,21.54736842105263,503.0,211,531.6315789473684,3,UNIV BOURGOGNE FRANCHE-COMTE COMUE
YESHIVA UNIVERSITY,19827.0,702743.0,32.68636363636364,624.0,152,531.6363636363636,3,YESHIVA UNIVERSITY
QUEENS UNIVERSITY BELFAST,22514.0,615267.0,27.98578947368421,587.0,219,532.0,3,QUEENS UNIVERSITY BELFAST
KYUSHU UNIVERSITY,38398.0,742466.0,18.468888888888888,466.0,180,533.0,3,KYUSHU UNIVERSITY
UNIVERSITY OF ABERDEEN,16592.0,540296.0,31.696875,481.0,217,534.3125,3,UNIVERSITY OF ABERDEEN
KAISER PERMANENTE,13588.0,478921.0,38.17714285714286,451.0,234,534.5714285714286,3,KAISER PERMANENTE
UNIVERSIDADE ESTADUAL PAULISTA,42388.0,576135.0,14.285333333333334,186.0,62,535.6666666666666,3,UNIVERSIDADE ESTADUAL PAULISTA
UNIVERSITY OF QUEBEC,30116.0,577597.0,21.11470588235294,366.0,133,536.7647058823529,3,UNIVERSITY OF QUEBEC
BEIHANG UNIVERSITY,56171.0,1116826.0,19.2775,985.0,20,537.6666666666666,3,BEIHANG UNIVERSITY
UNIVERSITY OF COLOGNE,32249.0,851038.0,25.11,785.0,172,537.7058823529412,3,UNIVERSITY OF COLOGNE
UNIVERSITY OF OSAKA,50425.0,968002.0,18.370588235294118,575.0,118,538.0588235294117,3,UNIVERSITY OF OSAKA
LOUISIANA STATE UNIVERSITY,21546.0,526366.0,25.179411764705883,432.0,236,538.8823529411765,3,LOUISIANA STATE UNIVERSITY
CHINA UNIVERSITY OF GEOSCIENCES,51648.0,987867.0,18.450833333333332,875.0,7,540.0,3,CHINA UNIVERSITY OF GEOSCIENCES
MEMORIAL SLOAN KETTERING CANCER CENTER,27742.0,1608675.0,49.92545454545454,1980.0,32,540.5454545454545,3,MEMORIAL SLOAN KETTERING CANCER CENTER
BROAD INSTITUTE,13259.0,1155772.0,66.27272727272727,1307.0,11,540.5454545454545,3,BROAD INSTITUTE
UNIVERSIDADE FEDERAL DO RIO DE JANEIRO,30646.0,513666.0,17.38235294117647,308.0,226,540.8235294117648,3,UNIVERSIDADE FEDERAL DO RIO DE JANEIRO
UNIVERSITI MALAYA,32453.0,779523.0,20.980526315789472,575.0,80,540.9473684210526,3,UNIVERSITI MALAYA
UNIV NANTES ANGERS LE MANS,32538.0,729705.0,20.004210526315788,610.0,275,541.3157894736842,3,UNIV NANTES ANGERS LE MANS
"INSTITUTE OF CHEMISTRY, CAS",12966.0,593131.0,54.175,552.0,31,542.25,3,"INSTITUTE OF CHEMISTRY, CAS"
MINIST EDUC,40212.0,636291.0,16.33388888888889,429.0,108,542.4444444444445,3,MINIST EDUC
UNIVERSITY OF ROCHESTER,28636.0,830657.0,27.746875,740.0,148,542.9375,3,UNIVERSITY OF ROCHESTER
LONDON SCHOOL OF HYGIENE & TROPICAL MEDICINE,25060.0,886616.0,34.51923076923077,857.0,39,543.0,3,LONDON SCHOOL OF HYGIENE & TROPICAL MEDICINE
UNIV PARIS EST COMUE,24222.0,597057.0,22.38611111111111,530.0,179,543.5,3,UNIV PARIS EST COMUE
UNIVERSITY OF MISSOURI COLUMBIA,25146.0,508882.0,20.365,391.0,109,544.0,3,UNIVERSITY OF MISSOURI COLUMBIA
UNIVERSITY OF TASMANIA,19246.0,513445.0,28.503846153846155,446.0,82,545.6923076923077,3,UNIVERSITY OF TASMANIA
UNIVERSITES DE STRASBOURG ETABLISSEMENTS ASSOCIES,32209.0,837451.0,24.223157894736843,530.0,99,545.8421052631579,3,UNIVERSITES DE STRASBOURG ETABLISSEMENTS ASSOCIES
BEIJING JIAOTONG UNIVERSITY,24344.0,378578.0,15.05625,311.0,57,546.375,3,BEIJING JIAOTONG UNIVERSITY
LEIPZIG UNIVERSITY,26523.0,644675.0,24.103125,650.0,174,546.9375,3,LEIPZIG UNIVERSITY
TUFTS UNIVERSITY,21792.0,653320.0,28.131176470588237,537.0,240,547.9411764705883,3,TUFTS UNIVERSITY
UNIVERSIDADE FEDERAL DE MINAS GERAIS,28748.0,546373.0,17.86764705882353,269.0,213,549.6470588235294,3,UNIVERSIDADE FEDERAL DE MINAS GERAIS
"UNIVERSITY AT BUFFALO, SUNY",25401.0,634488.0,24.93235294117647,505.0,221,549.8235294117648,3,"UNIVERSITY AT BUFFALO, SUNY"
UNIVERSITY OF NEBRASKA LINCOLN,20625.0,533355.0,35.28888888888889,382.0,90,551.7222222222222,3,UNIVERSITY OF NEBRASKA LINCOLN
INSTITUT DE RECHERCHE POUR LE DEVELOPPEMENT (IRD),41950.0,983288.0,23.637999999999998,692.0,11,552.0666666666667,3,INSTITUT DE RECHERCHE POUR LE DEVELOPPEMENT (IRD)
UNIVERSITY OF CALIFORNIA RIVERSIDE,20112.0,588370.0,28.561764705882354,455.0,126,553.1764705882352,3,UNIVERSITY OF CALIFORNIA RIVERSIDE
IOWA STATE UNIVERSITY,27553.0,628066.0,22.950000000000003,436.0,76,553.9444444444445,3,IOWA STATE UNIVERSITY
UNIVERSITY OF OKLAHOMA SYSTEM,24871.0,661978.0,25.675263157894737,589.0,152,554.0526315789474,3,UNIVERSITY OF OKLAHOMA SYSTEM
YANGZHOU UNIVERSITY,30893.0,549435.0,17.013571428571428,542.0,61,554.5,3,YANGZHOU UNIVERSITY
CALIFORNIA INSTITUTE OF TECHNOLOGY,37203.0,1507816.0,43.51777777777778,1492.0,6,554.8888888888889,3,CALIFORNIA INSTITUTE OF TECHNOLOGY
FRIEDRICH SCHILLER UNIVERSITY OF JENA,23160.0,638577.0,25.95235294117647,483.0,222,555.2352941176471,3,FRIEDRICH SCHILLER UNIVERSITY OF JENA
UNIVERSITY OF DUISBURG ESSEN,27364.0,756338.0,23.712777777777777,697.0,235,555.2777777777778,3,UNIVERSITY OF DUISBURG ESSEN
CHONGQING UNIVERSITY,60302.0,1200502.0,17.708125,1169.0,17,557.25,3,CHONGQING UNIVERSITY
LA TROBE UNIVERSITY,21840.0,546381.0,25.6,428.0,179,558.6875,3,LA TROBE UNIVERSITY
ARISTOTLE UNIVERSITY OF THESSALONIKI,26529.0,568992.0,19.604705882352942,433.0,252,559.0588235294117,3,ARISTOTLE UNIVERSITY OF THESSALONIKI
MAASTRICHT UNIVERSITY,39382.0,1031285.0,28.53058823529412,880.0,79,559.9411764705883,3,MAASTRICHT UNIVERSITY
UNIVERSITY OF CAPE TOWN,27201.0,784717.0,26.25375,719.0,90,560.3125,3,UNIVERSITY OF CAPE TOWN
UNIVERSITY OF SOUTHERN DENMARK,32585.0,880150.0,24.931176470588237,736.0,160,562.3529411764706,3,UNIVERSITY OF SOUTHERN DENMARK
TECHNION ISRAEL INSTITUTE OF TECHNOLOGY,24179.0,556263.0,25.32529411764706,492.0,171,564.2352941176471,3,TECHNION ISRAEL INSTITUTE OF TECHNOLOGY
NSW HEALTH,27798.0,824696.0,26.597272727272728,799.0,113,565.3636363636364,3,NSW HEALTH
NORTH CHINA ELECTRIC POWER UNIVERSITY,22109.0,421828.0,19.884285714285713,306.0,39,565.7142857142857,3,NORTH CHINA ELECTRIC POWER UNIVERSITY
UNIVERSITY OF EAST ANGLIA,14192.0,475821.0,32.394,461.0,219,567.8666666666667,3,UNIVERSITY OF EAST ANGLIA
HOSPITAL FOR SICK CHILDREN (SICKKIDS),19368.0,635206.0,31.288999999999998,473.0,172,567.9,3,HOSPITAL FOR SICK CHILDREN (SICKKIDS)
SOUTH CHINA UNIVERSITY OF TECHNOLOGY,65586.0,1605341.0,19.48611111111111,1271.0,16,567.9444444444445,3,SOUTH CHINA UNIVERSITY OF TECHNOLOGY
UNIVERSIDADE DE COIMBRA,25422.0,549730.0,22.352777777777778,413.0,135,568.0,3,UNIVERSIDADE DE COIMBRA
NANJING UNIVERSITY OF INFORMATION SCIENCE & TECHNOLOGY,24933.0,476059.0,18.589000000000002,465.0,25,569.1,3,NANJING UNIVERSITY OF INFORMATION SCIENCE & TECHNOLOGY
UNIVERSITY OF GENOA,31134.0,748053.0,21.984117647058824,616.0,134,569.4117647058823,3,UNIVERSITY OF GENOA
UNIVERSITY OF BERGEN,26982.0,771552.0,25.285,615.0,134,569.6111111111111,3,UNIVERSITY OF BERGEN
UNIVERSITY OF SASKATCHEWAN,22341.0,484197.0,22.100588235294115,375.0,158,569.9411764705883,3,UNIVERSITY OF SASKATCHEWAN
FLORIDA STATE UNIVERSITY,24581.0,566675.0,24.240625,446.0,76,572.0625,3,FLORIDA STATE UNIVERSITY
PASTEUR NETWORK,21365.0,661613.0,30.935000000000002,457.0,10,572.4166666666666,3,PASTEUR NETWORK
UNIVERSITE DE STRASBOURG,30208.0,795977.0,24.566666666666666,512.0,125,573.3333333333334,3,UNIVERSITE DE STRASBOURG
UNIVERSIDADE FEDERAL DO RIO GRANDE DO SUL,30085.0,580894.0,17.62777777777778,312.0,161,573.3888888888889,3,UNIVERSIDADE FEDERAL DO RIO GRANDE DO SUL
NAGOYA UNIVERSITY,39291.0,763893.0,18.88823529411765,518.0,145,573.8823529411765,3,NAGOYA UNIVERSITY
CENTRE HOSPITALIER UNIVERSITAIRE VAUDOIS (CHUV),15234.0,507734.0,36.849000000000004,558.0,217,573.9,3,CENTRE HOSPITALIER UNIVERSITAIRE VAUDOIS (CHUV)
UNIVERSITY OF CALIFORNIA SANTA BARBARA,25725.0,898548.0,34.1125,841.0,76,575.2,3,UNIVERSITY OF CALIFORNIA SANTA BARBARA
UNIVERSITY OF WOLLONGONG,23353.0,647253.0,24.606875,574.0,85,576.75,3,UNIVERSITY OF WOLLONGONG
AGENCY FOR SCIENCE TECHNOLOGY & RESEARCH (A*STAR),23165.0,899977.0,35.61588235294118,792.0,77,581.1764705882352,3,AGENCY FOR SCIENCE TECHNOLOGY & RESEARCH (A*STAR)
UNIVERSITY OF LIEGE,20959.0,586339.0,25.915555555555557,425.0,199,582.0,3,UNIVERSITY OF LIEGE
ICREA,15166.0,692916.0,41.93,673.0,143,583.5333333333333,3,ICREA
UNIVERSITE LIBRE DE BRUXELLES,22701.0,669450.0,29.42823529411765,615.0,173,585.2941176470588,3,UNIVERSITE LIBRE DE BRUXELLES
BEIJING UNIVERSITY OF CHEMICAL TECHNOLOGY,25726.0,739939.0,25.156,706.0,37,586.9,3,BEIJING UNIVERSITY OF CHEMICAL TECHNOLOGY
MEDICAL UNIVERSITY OF VIENNA,30491.0,931401.0,27.249166666666667,961.0,128,587.1666666666666,3,MEDICAL UNIVERSITY OF VIENNA
UNIVERSITY OF WURZBURG,27329.0,838903.0,29.161176470588234,732.0,105,587.4117647058823,3,UNIVERSITY OF WURZBURG
UNIVERSITY OF MARYLAND BALTIMORE,28333.0,764568.0,31.663333333333334,590.0,140,589.0666666666667,3,UNIVERSITY OF MARYLAND BALTIMORE
LANCASTER UNIVERSITY,17453.0,504708.0,30.02,460.0,92,589.8666666666667,3,LANCASTER UNIVERSITY
UNIVERSITY OF YORK - UK,23249.0,665493.0,27.256842105263157,490.0,140,590.3684210526316,3,UNIVERSITY OF YORK - UK
UNIVERSITY OF MIAMI,34217.0,856344.0,24.955,776.0,152,595.4444444444445,3,UNIVERSITY OF MIAMI
THOMAS JEFFERSON UNIVERSITY,18433.0,489987.0,27.17,360.0,247,595.75,3,THOMAS JEFFERSON UNIVERSITY
CITY UNIVERSITY OF NEW YORK (CUNY) SYSTEM,27296.0,606059.0,24.478947368421053,472.0,109,596.1052631578947,3,CITY UNIVERSITY OF NEW YORK (CUNY) SYSTEM
CHINA AGRICULTURAL UNIVERSITY,38280.0,835977.0,22.308,812.0,4,596.5333333333333,3,CHINA AGRICULTURAL UNIVERSITY
PEKING UNION MEDICAL COLLEGE,48462.0,916232.0,20.658666666666665,728.0,23,598.6,3,PEKING UNION MEDICAL COLLEGE
CITY UNIVERSITY OF HONG KONG,39671.0,1100801.0,23.71764705882353,1333.0,26,598.7647058823529,3,CITY UNIVERSITY OF HONG KONG
JIANGNAN UNIVERSITY,33745.0,637099.0,16.764545454545456,501.0,6,599.2727272727273,3,JIANGNAN UNIVERSITY
NATIONAL YANG MING CHIAO TUNG UNIVERSITY,35453.0,591998.0,16.38533333333333,328.0,283,599.4,3,NATIONAL YANG MING CHIAO TUNG UNIVERSITY
POLYTECHNIC UNIVERSITY OF MILAN,26046.0,498573.0,19.154166666666665,333.0,70,599.5833333333334,3,POLYTECHNIC UNIVERSITY OF MILAN
NANJING TECH UNIVERSITY,27376.0,657830.0,21.2175,513.0,56,599.625,3,NANJING TECH UNIVERSITY
NEWYORK-PRESBYTERIAN HOSPITAL,19205.0,532061.0,25.634999999999998,694.0,197,601.625,3,NEWYORK-PRESBYTERIAN HOSPITAL
EAST CHINA NORMAL UNIVERSITY,31601.0,682568.0,20.548823529411763,669.0,90,601.7647058823529,3,EAST CHINA NORMAL UNIVERSITY
UNIVERSITA DEGLI STUDI DI BARI ALDO MORO,23833.0,564200.0,22.08555555555556,402.0,154,601.8888888888889,3,UNIVERSITA DEGLI STUDI DI BARI ALDO MORO
UNIVERSITY OF NEW MEXICO,20260.0,529536.0,26.49125,399.0,291,603.25,3,UNIVERSITY OF NEW MEXICO
NANCHANG UNIVERSITY,34803.0,625132.0,18.11388888888889,580.0,30,603.2777777777778,3,NANCHANG UNIVERSITY
GUY'S & ST THOMAS' NHS FOUNDATION TRUST,14888.0,613187.0,41.33444444444444,640.0,164,605.4444444444445,3,GUY'S & ST THOMAS' NHS FOUNDATION TRUST
UNIVERSITY OF ARKANSAS SYSTEM,24607.0,485876.0,20.803684210526313,361.0,190,609.3684210526316,3,UNIVERSITY OF ARKANSAS SYSTEM
ROYAL MELBOURNE INSTITUTE OF TECHNOLOGY (RMIT),24605.0,620198.0,25.241764705882353,533.0,109,609.5882352941177,3,ROYAL MELBOURNE INSTITUTE OF TECHNOLOGY (RMIT)
RUHR UNIVERSITY BOCHUM,26706.0,588339.0,22.448666666666668,462.0,214,609.8,3,RUHR UNIVERSITY BOCHUM
HEINRICH HEINE UNIVERSITY DUSSELDORF,21184.0,572744.0,26.687142857142856,496.0,125,612.6428571428571,3,HEINRICH HEINE UNIVERSITY DUSSELDORF
DELFT UNIVERSITY OF TECHNOLOGY,36304.0,868532.0,24.663888888888888,625.0,49,614.3888888888889,3,DELFT UNIVERSITY OF TECHNOLOGY
WAYNE STATE UNIVERSITY,22913.0,573697.0,23.66,414.0,331,614.6666666666666,3,WAYNE STATE UNIVERSITY
QUEENS UNIVERSITY - CANADA,22221.0,566330.0,22.946,439.0,203,615.1333333333333,3,QUEENS UNIVERSITY - CANADA
JOHANNES GUTENBERG UNIVERSITY OF MAINZ,29531.0,807777.0,26.75375,795.0,87,615.25,3,JOHANNES GUTENBERG UNIVERSITY OF MAINZ
TECHNICAL UNIVERSITY OF BERLIN,18433.0,453865.0,26.101333333333333,407.0,165,616.0,3,TECHNICAL UNIVERSITY OF BERLIN
GUANGXI UNIVERSITY,25040.0,426191.0,15.347499999999998,422.0,151,617.0,3,GUANGXI UNIVERSITY
UNIVERSITY OF TWENTE,18317.0,453462.0,27.714,332.0,167,617.8666666666667,3,UNIVERSITY OF TWENTE
UNIVERSITY OF SUSSEX,15962.0,549481.0,34.6,526.0,132,619.2,3,UNIVERSITY OF SUSSEX
HELSINKI UNIVERSITY CENTRAL HOSPITAL,15196.0,520550.0,30.712222222222223,482.0,229,619.3333333333334,3,HELSINKI UNIVERSITY CENTRAL HOSPITAL
INSTITUTO DE SALUD CARLOS III,21458.0,475476.0,20.246923076923075,452.0,195,619.5384615384615,3,INSTITUTO DE SALUD CARLOS III
UNIVERSITY OF PAVIA,24459.0,582149.0,21.79,490.0,214,619.578947368421,3,UNIVERSITY OF PAVIA
CAPITAL MEDICAL UNIVERSITY,60500.0,1006900.0,18.5,711.0,63,620.0666666666667,3,CAPITAL MEDICAL UNIVERSITY
UNIVERSITY OF HAWAII SYSTEM,23596.0,636130.0,26.155,538.0,88,620.5,3,UNIVERSITY OF HAWAII SYSTEM
UNIVERSITY OF HOUSTON,22552.0,476756.0,22.735,374.0,153,621.9375,3,UNIVERSITY OF HOUSTON
COLORADO STATE UNIVERSITY SYSTEM,26646.0,646861.0,24.317894736842106,526.0,61,622.421052631579,3,COLORADO STATE UNIVERSITY SYSTEM
UNIVERSITY OF HOUSTON SYSTEM,22555.0,476798.0,22.73375,374.0,154,622.6875,3,UNIVERSITY OF HOUSTON SYSTEM
STELLENBOSCH UNIVERSITY,20318.0,513215.0,28.04294117647059,401.0,204,623.1176470588235,3,STELLENBOSCH UNIVERSITY
INSTITUTE OF SCIENCE TOKYO,37849.0,711612.0,18.585625,374.0,149,624.3125,3,INSTITUTE OF SCIENCE TOKYO
CNRS - INSTITUTE OF CHEMISTRY (INC),44806.0,1053416.0,23.68769230769231,439.0,8,625.2307692307693,3,CNRS - INSTITUTE OF CHEMISTRY (INC)
NASA GODDARD SPACE FLIGHT CENTER,17316.0,653912.0,43.15166666666667,674.0,13,626.5,3,NASA GODDARD SPACE FLIGHT CENTER
UNIVERSITY OF ROME TOR VERGATA,27993.0,680838.0,22.57,481.0,128,627.35,3,UNIVERSITY OF ROME TOR VERGATA
NANJING MEDICAL UNIVERSITY,49943.0,848120.0,16.344285714285714,571.0,36,628.3571428571429,3,NANJING MEDICAL UNIVERSITY
UNIVERSITY OF SOUTH CAROLINA COLUMBIA,22081.0,509227.0,24.110526315789475,398.0,120,629.2631578947369,3,UNIVERSITY OF SOUTH CAROLINA COLUMBIA
UNIVERSITY OF LEICESTER,20144.0,701749.0,29.5875,738.0,146,629.375,3,UNIVERSITY OF LEICESTER
UNIVERSITY OF SOUTH CAROLINA SYSTEM,22084.0,509278.0,24.111052631578946,398.0,119,629.9473684210526,3,UNIVERSITY OF SOUTH CAROLINA SYSTEM
COLORADO STATE UNIVERSITY FORT COLLINS,26373.0,640805.0,24.24421052631579,524.0,62,630.1578947368421,3,COLORADO STATE UNIVERSITY FORT COLLINS
UNIVERSITY OF LJUBLJANA,26018.0,468222.0,18.881999999999998,369.0,243,631.75,3,UNIVERSITY OF LJUBLJANA
UNIVERSIDAD DE CHILE,23413.0,454815.0,19.31105263157895,335.0,143,631.8947368421053,3,UNIVERSIDAD DE CHILE
SOUTHERN MEDICAL UNIVERSITY - CHINA,43774.0,777570.0,16.755333333333333,610.0,38,635.6,3,SOUTHERN MEDICAL UNIVERSITY - CHINA
GUANGZHOU MEDICAL UNIVERSITY,23562.0,483618.0,19.37272727272727,372.0,147,635.7272727272727,3,GUANGZHOU MEDICAL UNIVERSITY
CEDARS SINAI MEDICAL CENTER,13582.0,520568.0,37.84142857142857,611.0,204,638.5714285714286,3,CEDARS SINAI MEDICAL CENTER
UNIVERSITY OF MACAU,18682.0,430984.0,24.496,421.0,66,639.6,3,UNIVERSITY OF MACAU
TEMPLE UNIVERSITY,20844.0,636321.0,33.07764705882353,456.0,139,643.2352941176471,3,TEMPLE UNIVERSITY
ROYAL INSTITUTE OF TECHNOLOGY,28236.0,687595.0,29.635882352941177,485.0,90,644.0588235294117,3,ROYAL INSTITUTE OF TECHNOLOGY
UNIVERSITY OF PERUGIA,19098.0,520255.0,25.829411764705885,359.0,232,644.9411764705883,3,UNIVERSITY OF PERUGIA
UMEA UNIVERSITY,19051.0,550203.0,27.065333333333335,408.0,232,647.8,3,UMEA UNIVERSITY
LINKOPING UNIVERSITY,22323.0,580199.0,26.658235294117645,522.0,177,650.5294117647059,3,LINKOPING UNIVERSITY
COMSATS UNIVERSITY ISLAMABAD (CUI),23720.0,457178.0,19.69,303.0,105,652.7333333333333,3,COMSATS UNIVERSITY ISLAMABAD (CUI)
UNIVERSITY OF KWAZULU NATAL,20444.0,465246.0,25.84647058823529,297.0,272,652.8823529411765,3,UNIVERSITY OF KWAZULU NATAL
NATIONAL INSTITUTE OF TECHNOLOGY (NIT SYSTEM),75564.0,1071055.0,15.975333333333333,524.0,18,656.1333333333333,3,NATIONAL INSTITUTE OF TECHNOLOGY (NIT SYSTEM)
BEIJING INSTITUTE OF TECHNOLOGY,54013.0,1140747.0,20.973333333333333,1409.0,22,657.8333333333334,3,BEIJING INSTITUTE OF TECHNOLOGY
UNITED STATES DEPARTMENT OF THE INTERIOR,25862.0,581598.0,23.2925,374.0,12,659.375,3,UNITED STATES DEPARTMENT OF THE INTERIOR
UNIVERSITY OF OTAGO,22542.0,582184.0,24.248823529411766,417.0,177,659.8235294117648,3,UNIVERSITY OF OTAGO
HONG KONG UNIVERSITY OF SCIENCE & TECHNOLOGY,26593.0,810635.0,27.06625,703.0,62,662.125,3,HONG KONG UNIVERSITY OF SCIENCE & TECHNOLOGY
CHONGQING MEDICAL UNIVERSITY,26391.0,390093.0,15.554545454545455,262.0,175,662.4545454545455,3,CHONGQING MEDICAL UNIVERSITY
VITA-SALUTE SAN RAFFAELE UNIVERSITY,19347.0,557939.0,27.38625,650.0,181,662.5,3,VITA-SALUTE SAN RAFFAELE UNIVERSITY
VRIJE UNIVERSITEIT BRUSSEL,19438.0,472347.0,26.0,404.0,280,664.8333333333334,3,VRIJE UNIVERSITEIT BRUSSEL
CHINA MEDICAL UNIVERSITY TAIWAN,27227.0,502762.0,18.88823529411765,547.0,8,665.0588235294117,3,CHINA MEDICAL UNIVERSITY TAIWAN
JAGIELLONIAN UNIVERSITY,29428.0,594696.0,18.073333333333334,449.0,234,665.1111111111111,3,JAGIELLONIAN UNIVERSITY
UNIVERSITY OF BUENOS AIRES,25943.0,479203.0,16.55470588235294,355.0,234,665.1176470588235,3,UNIVERSITY OF BUENOS AIRES
SWINBURNE UNIVERSITY OF TECHNOLOGY,16202.0,472766.0,28.00230769230769,543.0,117,667.4615384615385,3,SWINBURNE UNIVERSITY OF TECHNOLOGY
UNIVERSITY OF NORTH CAROLINA SCHOOL OF MEDICINE,23444.0,615986.0,29.294285714285714,626.0,195,667.5714285714286,3,UNIVERSITY OF NORTH CAROLINA SCHOOL OF MEDICINE
ULM UNIVERSITY,20891.0,655567.0,27.898000000000003,549.0,180,667.7333333333333,3,ULM UNIVERSITY
DURHAM UNIVERSITY,20329.0,515274.0,24.515714285714285,411.0,89,668.0714285714286,3,DURHAM UNIVERSITY
KYUNGPOOK NATIONAL UNIVERSITY (KNU),27766.0,478916.0,21.229444444444443,279.0,197,668.4444444444445,3,KYUNGPOOK NATIONAL UNIVERSITY (KNU)
HANYANG UNIVERSITY,35413.0,752753.0,20.29764705882353,474.0,99,668.9411764705883,3,HANYANG UNIVERSITY
SOUTHERN UNIVERSITY OF SCIENCE & TECHNOLOGY,31936.0,761214.0,21.302941176470586,895.0,78,673.3529411764706,3,SOUTHERN UNIVERSITY OF SCIENCE & TECHNOLOGY
CGIAR,16866.0,478911.0,38.03363636363636,396.0,17,674.7272727272727,3,CGIAR
KOREA ADVANCED INSTITUTE OF SCIENCE & TECHNOLOGY (KAIST),28839.0,712072.0,26.513571428571428,412.0,74,675.7142857142857,3,KOREA ADVANCED INSTITUTE OF SCIENCE & TECHNOLOGY (KAIST)
UNIVERSITY OF ALABAMA BIRMINGHAM,34926.0,1119816.0,25.577692307692306,1036.0,79,675.7692307692307,3,UNIVERSITY OF ALABAMA BIRMINGHAM
BEN-GURION UNIVERSITY OF THE NEGEV,23094.0,409078.0,19.42388888888889,292.0,352,676.1111111111111,3,BEN-GURION UNIVERSITY OF THE NEGEV
CHU LYON,19002.0,529628.0,22.71777777777778,525.0,211,677.0,3,CHU LYON
WESTERN SYDNEY UNIVERSITY,17252.0,500854.0,30.3925,465.0,194,677.4375,3,WESTERN SYDNEY UNIVERSITY
SOUTHWEST UNIVERSITY - CHINA,31422.0,583036.0,17.41111111111111,445.0,59,680.1666666666666,3,SOUTHWEST UNIVERSITY - CHINA
UNIVERSITY OF TSUKUBA,26698.0,530931.0,17.985882352941175,310.0,266,680.3529411764706,3,UNIVERSITY OF TSUKUBA
UNIVERSITY HOSPITAL OF BERN,16564.0,460785.0,25.86625,503.0,246,682.25,3,UNIVERSITY HOSPITAL OF BERN
UNIVERSITY ZURICH HOSPITAL,18534.0,559304.0,28.696666666666665,614.0,189,683.3333333333334,3,UNIVERSITY ZURICH HOSPITAL
ROYAL MARSDEN NHS FOUNDATION TRUST,8068.0,480401.0,51.278,607.0,194,685.2,3,ROYAL MARSDEN NHS FOUNDATION TRUST
GUSTAVE ROUSSY,9254.0,575211.0,53.842,816.0,158,692.2,3,GUSTAVE ROUSSY
UNIVERSITY OF TURKU,20706.0,482995.0,23.635882352941177,399.0,286,696.4705882352941,3,UNIVERSITY OF TURKU
HUN-REN,25936.0,561036.0,20.285,391.0,83,697.7222222222222,3,HUN-REN
UNIVERSITY OF CATANIA,20388.0,446454.0,19.855625,332.0,228,698.125,3,UNIVERSITY OF CATANIA
NATIONAL CHENG KUNG UNIVERSITY,27048.0,456100.0,17.085,313.0,219,699.4375,3,NATIONAL CHENG KUNG UNIVERSITY
UNIVERSITY COLLEGE CORK,15552.0,483672.0,31.277647058823533,440.0,116,700.1176470588235,3,UNIVERSITY COLLEGE CORK
UNIV CLERMONT AUVERGNE ASSOC,21699.0,492546.0,20.975294117647056,370.0,232,701.8823529411765,3,UNIV CLERMONT AUVERGNE ASSOC
KARLSRUHE INSTITUTE OF TECHNOLOGY,34210.0,833418.0,25.331333333333337,587.0,99,702.5333333333333,3,KARLSRUHE INSTITUTE OF TECHNOLOGY
UNIVERSITY OF MILANO-BICOCCA,24125.0,632605.0,22.518888888888892,592.0,210,704.5,3,UNIVERSITY OF MILANO-BICOCCA
UNIVERSITY HOSPITAL LEUVEN,15275.0,602617.0,34.07125,728.0,154,708.0,3,UNIVERSITY HOSPITAL LEUVEN
GUANGDONG UNIVERSITY OF TECHNOLOGY,24953.0,520040.0,19.006,585.0,79,709.5,3,GUANGDONG UNIVERSITY OF TECHNOLOGY
ACADEMIA SINICA - TAIWAN,23096.0,567951.0,21.65058823529412,369.0,128,711.1176470588235,3,ACADEMIA SINICA - TAIWAN
UNIVERSITE COTE D'AZUR,18728.0,502417.0,23.67529411764706,415.0,92,712.7058823529412,3,UNIVERSITE COTE D'AZUR
GEORGE WASHINGTON UNIVERSITY,24841.0,610682.0,25.649444444444445,490.0,122,712.8888888888889,3,GEORGE WASHINGTON UNIVERSITY
VIRGINIA COMMONWEALTH UNIVERSITY,23022.0,618970.0,24.500666666666667,587.0,126,713.6666666666666,3,VIRGINIA COMMONWEALTH UNIVERSITY
DARTMOUTH COLLEGE,18215.0,532207.0,29.275624999999998,435.0,115,717.4375,3,DARTMOUTH COLLEGE
IRCCS POLICLINICO GEMELLI,20836.0,532037.0,24.634545454545457,575.0,214,719.6363636363636,3,IRCCS POLICLINICO GEMELLI
HEFEI UNIVERSITY OF TECHNOLOGY,25870.0,440745.0,17.799166666666668,308.0,96,721.3333333333334,3,HEFEI UNIVERSITY OF TECHNOLOGY
RICE UNIVERSITY,16440.0,531919.0,30.041875,463.0,147,721.4375,3,RICE UNIVERSITY
CATHOLIC UNIVERSITY OF THE SACRED HEART,27545.0,657869.0,21.442666666666664,665.0,167,723.2,3,CATHOLIC UNIVERSITY OF THE SACRED HEART
NINGBO UNIVERSITY,26179.0,368751.0,13.575714285714286,300.0,209,723.7857142857143,3,NINGBO UNIVERSITY
UNIVERSITY OF WITWATERSRAND,24891.0,547154.0,21.116875,458.0,172,729.3125,3,UNIVERSITY OF WITWATERSRAND
PONTIFICIA UNIVERSIDAD CATOLICA DE CHILE,19581.0,465278.0,21.5325,327.0,153,729.5,3,PONTIFICIA UNIVERSIDAD CATOLICA DE CHILE
CHINESE ACADEMY OF AGRICULTURAL SCIENCES,50185.0,975677.0,20.393125,924.0,2,733.1875,3,CHINESE ACADEMY OF AGRICULTURAL SCIENCES
WEIZMANN INSTITUTE OF SCIENCE,13295.0,543012.0,39.68285714285714,498.0,137,734.0,3,WEIZMANN INSTITUTE OF SCIENCE
RESEARCH CENTER JULICH,20587.0,560138.0,31.745384615384616,416.0,167,734.6923076923077,3,RESEARCH CENTER JULICH
FLINDERS UNIVERSITY SOUTH AUSTRALIA,18788.0,452491.0,23.488,360.0,243,735.0,3,FLINDERS UNIVERSITY SOUTH AUSTRALIA
UNIVERSITY OF ZAGREB,25295.0,416086.0,16.890588235294118,308.0,169,735.8823529411765,3,UNIVERSITY OF ZAGREB
SHANGHAI UNIVERSITY,39425.0,735375.0,17.517333333333333,675.0,68,736.1333333333333,3,SHANGHAI UNIVERSITY
UNITED STATES GEOLOGICAL SURVEY,21598.0,516840.0,25.06625,341.0,19,738.625,3,UNITED STATES GEOLOGICAL SURVEY
CNRS - INSTITUTE FOR ENGINEERING & SYSTEMS SCIENCES (INSIS),30029.0,580083.0,20.526153846153843,266.0,93,739.3846153846154,3,CNRS - INSTITUTE FOR ENGINEERING & SYSTEMS SCIENCES (INSIS)
AALTO UNIVERSITY,21529.0,541688.0,26.75875,416.0,106,743.3125,3,AALTO UNIVERSITY
DALIAN UNIVERSITY OF TECHNOLOGY,57895.0,1137669.0,18.102,927.0,24,743.6,3,DALIAN UNIVERSITY OF TECHNOLOGY
HOPITAL UNIVERSITAIRE PITIE-SALPETRIERE - APHP,15827.0,515326.0,27.43625,521.0,97,744.25,3,HOPITAL UNIVERSITAIRE PITIE-SALPETRIERE - APHP
SAMSUNG MEDICAL CENTER,18251.0,429478.0,23.157142857142855,417.0,236,746.5714285714286,3,SAMSUNG MEDICAL CENTER
BIOTECHNOLOGY AND BIOLOGICAL SCIENCES RESEARCH COUNCIL (BBSRC),14331.0,529990.0,37.55916666666666,463.0,26,747.3333333333334,3,BIOTECHNOLOGY AND BIOLOGICAL SCIENCES RESEARCH COUNCIL (BBSRC)
JUSTUS LIEBIG UNIVERSITY GIESSEN,19289.0,432541.0,23.934117647058823,347.0,171,754.1176470588235,3,JUSTUS LIEBIG UNIVERSITY GIESSEN
HUNAN UNIVERSITY,42507.0,1194809.0,25.045714285714286,1433.0,26,757.4285714285714,3,HUNAN UNIVERSITY
PUSAN NATIONAL UNIVERSITY,27296.0,477082.0,17.589375,263.0,259,763.0,3,PUSAN NATIONAL UNIVERSITY
GEORGETOWN UNIVERSITY,18039.0,472479.0,25.8925,417.0,187,763.1666666666666,3,GEORGETOWN UNIVERSITY
CHU LILLE,14959.0,444478.0,24.83111111111111,464.0,272,771.6666666666666,3,CHU LILLE
YONSEI UNIVERSITY HEALTH SYSTEM,26957.0,588549.0,19.921,503.0,175,772.2,3,YONSEI UNIVERSITY HEALTH SYSTEM
AALBORG UNIVERSITY,24742.0,595613.0,24.128666666666668,486.0,53,777.5333333333333,3,AALBORG UNIVERSITY
HOSPITAL UNIVERSITARI VALL D'HEBRON,14444.0,530824.0,27.33125,708.0,193,777.625,3,HOSPITAL UNIVERSITARI VALL D'HEBRON
NANTES UNIVERSITE,22055.0,538435.0,21.836666666666666,454.0,363,784.6111111111111,3,NANTES UNIVERSITE
NORMANDIE UNIV,23943.0,446618.0,17.768888888888892,318.0,325,785.2777777777778,3,NORMANDIE UNIV
SMITHSONIAN INSTITUTION,24317.0,794808.0,33.59153846153846,740.0,7,787.5384615384615,3,SMITHSONIAN INSTITUTION
MAHIDOL UNIVERSITY,23041.0,414878.0,17.29642857142857,273.0,174,793.0714285714286,3,MAHIDOL UNIVERSITY
KEIO UNIVERSITY,22712.0,459473.0,18.714615384615385,303.0,318,793.4615384615385,3,KEIO UNIVERSITY
UNIVERSITAT POLITECNICA DE CATALUNYA,22543.0,459084.0,22.37357142857143,312.0,169,805.0,3,UNIVERSITAT POLITECNICA DE CATALUNYA
CNRS - NATIONAL INSTITUTE FOR EARTH SCIENCES & ASTRONOMY (INSU),22614.0,715650.0,28.395555555555557,480.0,10,810.1111111111111,3,CNRS - NATIONAL INSTITUTE FOR EARTH SCIENCES & ASTRONOMY (INSU)
WAKE FOREST UNIVERSITY,18778.0,518478.0,28.86230769230769,474.0,284,815.8461538461538,3,WAKE FOREST UNIVERSITY
WENZHOU MEDICAL UNIVERSITY,29528.0,499197.0,16.848666666666666,406.0,73,819.2666666666667,3,WENZHOU MEDICAL UNIVERSITY
NORTHWEST A&F UNIVERSITY - CHINA,33785.0,713153.0,20.917142857142856,610.0,7,828.2142857142857,3,NORTHWEST A&F UNIVERSITY - CHINA
UNIVERSITE PARIS-EST-CRETEIL-VAL-DE-MARNE (UPEC),16600.0,445851.0,23.281333333333333,416.0,352,830.4666666666667,3,UNIVERSITE PARIS-EST-CRETEIL-VAL-DE-MARNE (UPEC)
OCEAN UNIVERSITY OF CHINA,28393.0,476389.0,17.409230769230767,357.0,127,836.5384615384615,3,OCEAN UNIVERSITY OF CHINA
NATIONAL AERONAUTICS & SPACE ADMINISTRATION (NASA),42365.0,1364894.0,30.131666666666664,1206.0,4,847.5,3,NATIONAL AERONAUTICS & SPACE ADMINISTRATION (NASA)
INSTITUT POLYTECHNIQUE DE PARIS,26380.0,590568.0,23.98071428571429,469.0,32,849.3571428571429,3,INSTITUT POLYTECHNIQUE DE PARIS
HUAZHONG AGRICULTURAL UNIVERSITY,25389.0,583736.0,23.325,507.0,18,864.6428571428571,3,HUAZHONG AGRICULTURAL UNIVERSITY
UNIVERSITY OF ULSAN,24745.0,537473.0,20.523636363636363,451.0,220,867.0,3,UNIVERSITY OF ULSAN
NANJING NORMAL UNIVERSITY,21509.0,411200.0,17.85214285714286,388.0,159,870.0,3,NANJING NORMAL UNIVERSITY
TIANJIN MEDICAL UNIVERSITY,24960.0,440785.0,17.862727272727273,296.0,226,870.5454545454545,3,TIANJIN MEDICAL UNIVERSITY
NANJING UNIVERSITY OF SCIENCE & TECHNOLOGY,34599.0,673158.0,19.711818181818185,605.0,58,874.0,3,NANJING UNIVERSITY OF SCIENCE & TECHNOLOGY
NASA JET PROPULSION LABORATORY (JPL),13800.0,510119.0,35.68625,500.0,29,877.625,3,NASA JET PROPULSION LABORATORY (JPL)
NORTHEASTERN UNIVERSITY - CHINA,43265.0,689189.0,14.325999999999999,524.0,42,889.1,3,NORTHEASTERN UNIVERSITY - CHINA
SEOUL NATIONAL UNIVERSITY HOSPITAL,19405.0,466580.0,20.4025,435.0,208,889.25,3,SEOUL NATIONAL UNIVERSITY HOSPITAL
UNIVERSITY OF CALIFORNIA SANTA CRUZ,15354.0,597770.0,37.60142857142857,568.0,48,889.7857142857143,3,UNIVERSITY OF CALIFORNIA SANTA CRUZ
NATIONAL INSTITUTE OF ADVANCED INDUSTRIAL SCIENCE & TECHNOLOGY (AIST),22616.0,444067.0,19.616363636363637,248.0,161,897.1818181818181,3,NATIONAL INSTITUTE OF ADVANCED INDUSTRIAL SCIENCE & TECHNOLOGY (AIST)
NORTHWESTERN POLYTECHNICAL UNIVERSITY,55085.0,1096988.0,19.11,1192.0,23,901.4615384615385,3,NORTHWESTERN POLYTECHNICAL UNIVERSITY
NANJING AGRICULTURAL UNIVERSITY,28586.0,622718.0,21.405,552.0,10,929.3571428571429,3,NANJING AGRICULTURAL UNIVERSITY
ISTITUTO NAZIONALE ASTROFISICA (INAF),16961.0,593896.0,39.913333333333334,496.0,5,934.6666666666666,3,ISTITUTO NAZIONALE ASTROFISICA (INAF)
PACIFIC NORTHWEST NATIONAL LABORATORY,14583.0,535311.0,37.685833333333335,491.0,112,948.5833333333334,3,PACIFIC NORTHWEST NATIONAL LABORATORY
BEIJING UNIVERSITY OF TECHNOLOGY,30591.0,513868.0,16.144545454545455,408.0,71,950.4545454545455,3,BEIJING UNIVERSITY OF TECHNOLOGY
BARCELONA INSTITUTE OF SCIENCE & TECHNOLOGY,13226.0,575690.0,39.053636363636365,463.0,104,951.6363636363636,3,BARCELONA INSTITUTE OF SCIENCE & TECHNOLOGY
KING KHALID UNIVERSITY,23658.0,281818.0,10.595454545454546,402.0,262,968.2727272727273,3,KING KHALID UNIVERSITY
EAST CHINA UNIVERSITY OF SCIENCE & TECHNOLOGY,29154.0,646192.0,19.501818181818184,461.0,36,969.7272727272727,3,EAST CHINA UNIVERSITY OF SCIENCE & TECHNOLOGY
SOUTH CHINA AGRICULTURAL UNIVERSITY,22031.0,443170.0,21.56642857142857,367.0,42,970.0714285714286,3,SOUTH CHINA AGRICULTURAL UNIVERSITY
ZHEJIANG UNIVERSITY OF TECHNOLOGY,26651.0,519677.0,18.066666666666666,550.0,105,974.6666666666666,3,ZHEJIANG UNIVERSITY OF TECHNOLOGY
SIBERIAN BRANCH OF THE RUSSIAN ACADEMY OF SCIENCES,33703.0,388302.0,12.195454545454545,172.0,176,986.0909090909091,3,SIBERIAN BRANCH OF THE RUSSIAN ACADEMY OF SCIENCES
FUZHOU UNIVERSITY,26858.0,589549.0,17.988333333333333,621.0,54,989.5,3,FUZHOU UNIVERSITY
CHINA MEDICAL UNIVERSITY,25428.0,418622.0,16.120833333333334,302.0,112,1021.1666666666666,3,CHINA MEDICAL UNIVERSITY
SOUTHWEST JIAOTONG UNIVERSITY,31619.0,512550.0,15.12,435.0,48,1039.5454545454545,3,SOUTHWEST JIAOTONG UNIVERSITY
INDIAN COUNCIL OF AGRICULTURAL RESEARCH (ICAR),33406.0,395451.0,16.36,281.0,15,1061.3333333333333,3,INDIAN COUNCIL OF AGRICULTURAL RESEARCH (ICAR)
NANJING UNIVERSITY OF AERONAUTICS & ASTRONAUTICS,37341.0,589882.0,16.377000000000002,480.0,38,1062.2,3,NANJING UNIVERSITY OF AERONAUTICS & ASTRONAUTICS
XIDIAN UNIVERSITY,31197.0,468464.0,16.70375,432.0,6,1073.5,3,XIDIAN UNIVERSITY
NATIONAL OCEANIC ATMOSPHERIC ADMIN (NOAA) - USA,19487.0,612151.0,73.11142857142856,536.0,8,1111.7142857142858,3,NATIONAL OCEANIC ATMOSPHERIC ADMIN (NOAA) - USA
TOKYO INSTITUTE OF TECHNOLOGY,23515.0,456444.0,19.14,233.0,173,1142.0,3,TOKYO INSTITUTE OF TECHNOLOGY
ISTITUTO NAZIONALE DI FISICA NUCLEARE (INFN),33689.0,804807.0,18.267142857142858,677.0,7,1368.0,3,ISTITUTO NAZIONALE DI FISICA NUCLEARE (INFN)
"DALIAN INSTITUTE OF CHEMICAL PHYSICS, CAS",13959.0,510397.0,35.972857142857144,555.0,33,1381.857142857143,3,"DALIAN INSTITUTE OF CHEMICAL PHYSICS, CAS"
